"rating","n","inventory_value","inventory_pct"
"PG-13","1018","21052.82","22.73002538619942153600"
"NC-17","944","19128.56","20.65246624449545509000"
"R","904","18498.96","19.97270818913037070700"
"PG","924","17755.76","19.17030001449992167000"
"G","791","16185.09","17.47450016567483099700"
